{
   "$schema":"http://schema.management.azure.com/schemas/2015-01-01/deploymentTemplate.json#",
   "contentVersion":"1.0.0.0",
   "parameters":{
      "workspaceName":{
         "type":"string",
         "metadata":"Workspace name",
         "defaultValue":"datasharkx15"
      },
      "datasharkx15-WorkspaceDefaultStorage":{
         "type":"string"
      }
   },
   "variables":{
      "workspaceId":"[concat('Microsoft.Synapse/workspaces/', parameters('workspaceName'))]"
   },
   "resources":[
      {
         "name":"[concat(parameters('workspaceName'), '/GetLatest_Folder_File_Details')]",
         "type":"Microsoft.Synapse/workspaces/pipelines",
         "apiVersion":"2019-06-01-preview",
         "properties":{
            "activities":[
               {
                  "name":"GetListOfChildItems",
                  "type":"GetMetadata",
                  "dependsOn":[
                     
                  ],
                  "policy":{
                     "timeout":"0.12:00:00",
                     "retry":0,
                     "retryIntervalInSeconds":30,
                     "secureOutput":false,
                     "secureInput":false
                  },
                  "userProperties":[
                     
                  ],
                  "typeProperties":{
                     "dataset":{
                        "referenceName":"Binary1",
                        "type":"DatasetReference",
                        "parameters":{
                           
                        }
                     },
                     "fieldList":[
                        "childItems"
                     ],
                     "storeSettings":{
                        "type":"AzureBlobFSReadSettings",
                        "recursive":true,
                        "enablePartitionDiscovery":false
                     },
                     "formatSettings":{
                        "type":"BinaryReadSettings"
                     }
                  }
               },
               {
                  "name":"FilterObjectType",
                  "type":"Filter",
                  "dependsOn":[
                     {
                        "activity":"GetListOfChildItems",
                        "dependencyConditions":[
                           "Succeeded"
                        ]
                     }
                  ],
                  "userProperties":[
                     
                  ],
                  "typeProperties":{
                     "items":{
                        "value":"@activity('GetListOfChildItems').output.childItems",
                        "type":"Expression"
                     },
                     "condition":{
                        "value":"@equals(item().type,pipeline().parameters.ObjectType)",
                        "type":"Expression"
                     }
                  }
               },
               {
                  "name":"Get Details Of Every Object Type",
                  "type":"ForEach",
                  "dependsOn":[
                     {
                        "activity":"FilterObjectType",
                        "dependencyConditions":[
                           "Succeeded"
                        ]
                     }
                  ],
                  "userProperties":[
                     
                  ],
                  "typeProperties":{
                     "items":{
                        "value":"@activity('FilterObjectType').output.value",
                        "type":"Expression"
                     },
                     "isSequential":true,
                     "activities":[
                        {
                           "name":"Get Metadata2",
                           "type":"GetMetadata",
                           "dependsOn":[
                              
                           ],
                           "policy":{
                              "timeout":"0.12:00:00",
                              "retry":0,
                              "retryIntervalInSeconds":30,
                              "secureOutput":false,
                              "secureInput":false
                           },
                           "userProperties":[
                              
                           ],
                           "typeProperties":{
                              "dataset":{
                                 "referenceName":"Binary2",
                                 "type":"DatasetReference",
                                 "parameters":{
                                    "Path":{
                                       "value":"@item().name",
                                       "type":"Expression"
                                    }
                                 }
                              },
                              "fieldList":[
                                 "itemName",
                                 "lastModified"
                              ],
                              "storeSettings":{
                                 "type":"AzureBlobFSReadSettings",
                                 "recursive":true,
                                 "enablePartitionDiscovery":false
                              },
                              "formatSettings":{
                                 "type":"BinaryReadSettings"
                              }
                           }
                        },
                        {
                           "name":"If Condition1",
                           "type":"IfCondition",
                           "dependsOn":[
                              {
                                 "activity":"Get Metadata2",
                                 "dependencyConditions":[
                                    "Succeeded"
                                 ]
                              }
                           ],
                           "userProperties":[
                              
                           ],
                           "typeProperties":{
                              "expression":{
                                 "value":"@greater(ticks(activity('Get Metadata2').output.lastModified),ticks(formatDateTime(variables('SampleDate'))))",
                                 "type":"Expression"
                              },
                              "ifTrueActivities":[
                                 {
                                    "name":"LatestObjectType",
                                    "type":"SetVariable",
                                    "dependsOn":[
                                       
                                    ],
                                    "userProperties":[
                                       
                                    ],
                                    "typeProperties":{
                                       "variableName":"LatestObjectType",
                                       "value":{
                                          "value":"@activity('Get Metadata2').output.itemName",
                                          "type":"Expression"
                                       }
                                    }
                                 },
                                 {
                                    "name":"LatestDate",
                                    "type":"SetVariable",
                                    "dependsOn":[
                                       
                                    ],
                                    "userProperties":[
                                       
                                    ],
                                    "typeProperties":{
                                       "variableName":"LatestDate",
                                       "value":{
                                          "value":"@activity('Get Metadata2').output.lastModified",
                                          "type":"Expression"
                                       }
                                    }
                                 },
                                 {
                                    "name":"SampleDate",
                                    "type":"SetVariable",
                                    "dependsOn":[
                                       {
                                          "activity":"LatestDate",
                                          "dependencyConditions":[
                                             "Succeeded"
                                          ]
                                       }
                                    ],
                                    "userProperties":[
                                       
                                    ],
                                    "typeProperties":{
                                       "variableName":"SampleDate",
                                       "value":{
                                          "value":"@variables('LatestDate')",
                                          "type":"Expression"
                                       }
                                    }
                                 }
                              ]
                           }
                        }
                     ]
                  }
               }
            ],
            "policy":{
               "elapsedTimeMetric":{
                  
               },
               "cancelAfter":{
                  
               }
            },
            "parameters":{
               "ObjectType":{
                  "type":"string",
                  "defaultValue":"Folder"
               }
            },
            "variables":{
               "SampleDate":{
                  "type":"String",
                  "defaultValue":"1900-01-01"
               },
               "LatestDate":{
                  "type":"String",
                  "defaultValue":"1900-01-01"
               },
               "LatestObjectType":{
                  "type":"String"
               }
            },
            "annotations":[
               
            ],
            "lastPublishTime":"2023-01-05T08:56:56Z"
         },
         "dependsOn":[
            "[concat(variables('workspaceId'), '/datasets/Binary1')]",
            "[concat(variables('workspaceId'), '/datasets/Binary2')]"
         ]
      },
      {
         "name":"[concat(parameters('workspaceName'), '/Binary1')]",
         "type":"Microsoft.Synapse/workspaces/datasets",
         "apiVersion":"2019-06-01-preview",
         "properties":{
            "linkedServiceName":{
               "referenceName":"[parameters('datasharkx15-WorkspaceDefaultStorage')]",
               "type":"LinkedServiceReference"
            },
            "annotations":[
               
            ],
            "type":"Binary",
            "typeProperties":{
               "location":{
                  "type":"AzureBlobFSLocation",
                  "fileSystem":"datasharkx15"
               }
            }
         },
         "dependsOn":[
            
         ]
      },
      {
         "name":"[concat(parameters('workspaceName'), '/Binary2')]",
         "type":"Microsoft.Synapse/workspaces/datasets",
         "apiVersion":"2019-06-01-preview",
         "properties":{
            "linkedServiceName":{
               "referenceName":"[parameters('datasharkx15-WorkspaceDefaultStorage')]",
               "type":"LinkedServiceReference"
            },
            "parameters":{
               "Path":{
                  "type":"string"
               }
            },
            "annotations":[
               
            ],
            "type":"Binary",
            "typeProperties":{
               "location":{
                  "type":"AzureBlobFSLocation",
                  "folderPath":{
                     "value":"@dataset().Path",
                     "type":"Expression"
                  },
                  "fileSystem":"datasharkx15"
               }
            }
         },
         "dependsOn":[
            
         ]
      }
   ]
}